{"cameraMode":{"drawMode":0,"name":"Shaded","section":"Shading Mode"},"sceneLighting":true,"audioPlay":false,"sceneViewState":{"showFog":true,"showMaterialUpdate":false,"showSkybox":true,"showFlares":true,"showImageEffects":true,"showParticleSystems":true},"in2DMode":false,"pivot":{"x":130.04286193847657,"y":144.56619262695313,"z":-19.43553924560547},"rotation":{"x":-0.187653586268425,"y":0.22093528509140016,"z":-0.043363675475120547,"w":-0.956083357334137},"size":152.94723510742188,"orthographic":false}